raiz,Comentarios,Topic,Topic_c,Clasificacion-gpt-4
1.0,"Ya salen los religiosos a decir que solo deben tener sexo con 1 persona en toda la vida hasta morir, y que el papiloma es un castigo de dios para los pecadores :v",Comentario no relacionado a la vacuna,3,0
2.0,Prevencion Importante control medico,Chequeos peri√≥dicos como prevenci√≥n,3,2
4.0,Prevenci√≥n primaria ! üòç,Aprobaci√≥n de la publicaci√≥n,3,1
11.0,"Todo lo que es prevenci√≥n,es excelente",Aprobaci√≥n de la publicaci√≥n,3,0
12.0,Y para los ni√±os cuando,vacuna para varones,3,2
15.0,"üí• Si necesitas una buena respuesta a tus consultas y consejos para una buena alimentaci√≥n ü•óüçíüç∂ü•ë‚úÖ √önete a √©sta gran comunidad üòâhttps://chat.whatsapp.com/FsUpBpMQRnZCUc81RK5vucüí• Te ayudamos a recibir informaci√≥n de Nutrici√≥n, Metabolismo y Salud üèãüßòüèª‚Äç‚ôÄüö¥üèº",Comentario no relacionado a la vacuna,3,3
17.0,S√≥lo para ni√±as es la vacuna ?,vacuna para varones,3,2
22.0,... no es decisi√≥n de ellas. Es de los padres.,Decisi√≥n de los padres al vacunar,3,2
24.0,Buen d√≠a a mi hija la vacune pero no recuerdo si le puse las dos dosis como puedo averiguar. Por favor gracias,Dudas sobre la cantidad de dosis puestas a su ni√±a,2,2
,no tiene carnet de vacuna?,Comentario no relacionado a la vacuna,3,1
,lo he buscado y no lo encuentro por eso creo que ellos deben de tener alg√∫n registro,Comentario no relacionado a la vacuna,3,1
,Que mam√° tan responsable...,Comentario no relacionado a la vacuna,3,1
,"no lo que pasa que mi ni√±a es una ni√±a inclusiva y tengo todas sus terapias, citas, etc.... Y esa de verdad no la recuerdo.... Creo que me la pidi√≥",Comentario no relacionado a la vacuna,3,1
,Te excusas y quedas peor. Bueno... Es tu hija y tu sabes como la cuidas.,Comentario no relacionado a la vacuna,3,1
,Si t√∫ ni√±a se vacun√≥ en colegio; pregunta  que centro de salud o puesto la vacuno. Ellos en su sistema lo ver√°n ü§ó.,Respuestas a dudas relacionada a la vacuna,3,2
,ac√©rquese al Centro de salud cercano a su domicilio servicio de vacunas saque su cita a cualquier hora y asista puntualmente el d√≠a y hora si es posible 30 minutos antes,Respuestas a dudas relacionada a la vacuna,3,2
25.0,Que tan seguro es???,Dudas refente a efectos adversos graves,2,0
26.0,Deberian ir a los colegios y vacunarlas,Recomendaciones al MINSA,3,1
,A m√≠ segunda hija la vacunaron en el colegio pero no todas las mam√°s autorizan para su vacunaci√≥n,Comentario no relacionado a la vacuna,3,3
,sips es cierto igual deberian ir y vacunar en el cole,Recomendaciones al MINSA,3,3
,buen dato cu√±is para El otro a√±o Luana cumple 9,Aprobaci√≥n de la publicaci√≥n,3,1
29.0,Listo dv comenta perfil o c ok,Comentario no relacionado a la vacuna,3,1
31.0,Se puede poner a se√±orita de 18 a√±os,Dudas referente a la edad,2,2
,creo que si. Estoy casi segura. Solo que dicen desde los 9 a√±os ya que a partir de los 12 o 13 empiezan a alborotarse mas hormonas en algunos pubers y si no tienen padres responsables...  Fatal. Pero si se puede creo,Respuestas a dudas relacionada a la vacuna,3,2
,"Si se puede, pero ya no es gratis en esa edad, se tiene que ir al centro de salud y pagar por la vacuna.",Respuestas a dudas relacionada a la vacuna,3,0
,"As√≠ es, se puede pero te cuesta aprox 500 soles",Respuestas a dudas relacionada a la vacuna,3,1
,yo reci√©n cumplidos 13 a√±os  7u7,Aprobaci√≥n de la publicaci√≥n,3,0
,13 al revezz :'v,Comentario no relacionado a la vacuna,3,3
36.0,"As√≠ es si ahora, hay una medicina para ni√±as es y realidad",Aprobaci√≥n de la publicaci√≥n,3,0
,es mortal en algunos casos 380 en EEUU Y 35 en Espa√±a a Parte de otros casos de par√°lisis cerebral,Rechazo a la vacuna,0,2
,ya tiene la primera,Aprobaci√≥n de la publicaci√≥n,3,1
,La segunda le toca en noviembre,Comentario no relacionado a la vacuna,3,1
38.0,mira para tu hermanita el mejor regalo k le pueden dar para se enfermedades,Aprobaci√≥n de la publicaci√≥n,3,1
40.0,"Sigamos sembrando salud. Trabajando  en equipo y de manera transversal, entre Ministerio de Salud y Ministerio de Educaci√≥n, todos los que somos Profesionales de la Salud m√©dicos y no m√©dicos. Con Es-Salud, tratemos de retomar aquel trabajo de educaci√≥n sexual para j√≥venes estudiantes de Secundaria, Llamado entonces ""Mi Collera"" , cada participante invitaba a otras amigas (os) vecinas(os) para asistir a dichas charlas. La clausura de esa promoci√≥n. Estuvo a cargo de todos los participantes, Director de Hospital ""Augusto Hern√°ndez"" de entonces. A todos se les obsequi√≥ un polo con logotipo de ES-SALUD, y tema de aprendizaje.",Comentario no relacionado a la vacuna,3,1
41.0,Hace tiempo escuche que en otros pa√≠ses  no lo aceptaron porque no era tan bueno como parece.,Rechazo a la vacuna,0,2
,ni√±as de 9 a√±os????? No ser√° para mujercitas adolescentes???,Dudas referente a la edad,2,2
,"Un argumento como ""no era tan bueno como parece"" ü§¶‚Äç‚ôÄÔ∏è",En contra de los antivacunas,3,1
42.0,EL SURGIMIENTO DE PROGRAMAS DE ORIENTAL SEXUAL U OTRA INDOLE. QUE ESTAN HECHOS PARA JOVENES POR PROFESIONALES TECNICOS ASISTENTES SOCIALES DEL AREA MEDICA ES PLAUSIBLE CONTINUEN ADELANTE NUESTRA JUVENTUD NECESITA DE TODOS USTEDES FELICITACIONES,Aprobaci√≥n de la publicaci√≥n,3,1
43.0,Es lo mejor que est√° haciendo el estado proteger a nuestras ni√±as de un cancer uterino,Aprobaci√≥n de la publicaci√≥n,3,3
45.0,Que hablar sobre la sexualidad ya no sea un tab√∫ üëåüôã,Aprobaci√≥n de la publicaci√≥n,3,1
47.0,Pa cu√°ndo para las viejas xd,Comentario no relacionado a la vacuna,3,1
48.0,Por favor en Arequipa,Dudas sobre los puntos de vacunaci√≥n,2,0
,acude al Centro de salud cercano a tu domicilio es gratuito,Respuestas a dudas relacionada a la vacuna,3,0
,sii primita el mes pasado iba a vacunar a ya ten√≠a su cita y pucha estaba con la gripe fatal y tiene q estar sanita.,Comentario no relacionado a la vacuna,3,1
,prima que importante.. te etiquete porque yo no sabia de esta vacuna para ni√±as.. Que valioso son las redes con noticias as√≠.. Que Luanita este mejor para su vacuna,Recomendan la vacunaci√≥n,1,2
,Si primita yo si sab√≠a ya tenia su cita pero esperar que este super bien  :),Comentario no relacionado a la vacuna,3,2
51.0,Los varones son inmunes?,vacuna para varones,3,1
52.0,9 a√±os????? Que prepara el gobierno??? Libres de elegir abortar vendr√° luego?La instauraci√≥n de la pedofilia como nuevo derecho y exigencia de las aberrantes y nauseabundas pol√≠ticas de g√©nero???Esto y su ideolog√≠a pro gay en los colegios es posible??Un asco de gobierno,En contra de la OMS u otras organizaciones,0,0
,Hay ni√±os que crecen sin un padre responsable o ni√±as que empiezan su actividad sexual (t√©cnicamente) incluso desde antes... Enti√©ndase por abusos sexuales. As√≠ que es mejor prevenir que m√°s mujeres mueran de cancer de √∫tero. Y a los ni√±os tb pq empiezan a tener relaciones a corta edad incluso y m√°s cuando los padres no son respsonsables o otros factores.,Recomendan la vacunaci√≥n,1,2
,ni√±os y ni√±as  de 9 a√±os??? Que sigue?Regalaran p√≠ldoras del d√≠a sgte a ni√±as de 10?Waooo!!! Toda una instauraci√≥n de la pedofilia como derecho de g√©nero?El estado imponiendo pol√≠ticas de g√©nero y promoviendo la iniciaci√≥n sexual a temprana edad?Y con una vacuna mortal que ya fracas√≥ en otros pa√≠ses dejando muertes y lisiados?,Rechazo a la vacuna,0,0
53.0,K bueno  prevenci√≥n para las ni√±as,Aprobaci√≥n de la publicaci√≥n,3,2
57.0,. Buena labor que est√° realizando el Ministerio de Salud;en coordinaci√≥n con Educaci√≥n .Dios quiera que se evite asi las enfermedades que en estos momentos aquejan a j√≥venes y adultos.,Aprobaci√≥n de la publicaci√≥n,3,0
58.0,La Informaci√≥n es lo mas importante https://youtu.be/CRSviOLIGwQ  *VIDEO ELIMINADO*,Rechazo a la vacuna,0,0
59.0,Porq solo hasta los 13???,Dudas referente a la edad,2,3
61.0,En el extranjero es hasta 17 deberian ser para todas en general üôåüèª,Recomendaciones al MINSA,3,3
,solo a mujeres le da esa enfermedad?,vacuna para varones,3,0
,tambien a hombres acavo de leerlo pero el ministerio y todo la rama de salud solo lo ofrece para mujeres,Respuestas a dudas relacionada a la vacuna,3,1
,Y la verdad debe informarse a publico en general y mas importante si tenemos hijas e hijos adolescentes muy importante crear la prevencion,Recomendaciones al MINSA,3,2
,"dan a hombres como mujeres es para prevenir el cancer de cuello uterino, pero en s√≠ es para prevenir la transmisi√≥n sexual del virus del papiloma humano, este virus est√° implicado en m√∫ltiples c√°nceres que principalmente son por contacto sexual. Ejemplo:Cuello uterinoLengua PeneLenguaAno",Brindan m√°s informaci√≥n sobre la vacuna,3,1
71.0,A los colegios de San Juan de Miraflores no han llegado aun,Dudas sobre los puntos de vacunaci√≥n,2,3
72.0,PORQUE EN OTROS PAISES HAN MUERTO MILES DE J√ìVENES A CAUSA DE ESTA VACUNA?,Rechazo a la vacuna,0,2
73.0,Muy interesante gracias por la informacion,Aprobaci√≥n de la publicaci√≥n,3,1
74.0,"Es decisi√≥n de los padres, no de las menores.",Decisi√≥n de los padres al vacunar,3,2
76.0,"H√°ganla obligatoria, nada de autorizaci√≥n ni michi. Y padres que no quieren que la ni√±a se vacune, quince d√≠as a la sombra.",Recomendaciones al MINSA,3,3
,"Deber√≠as averiguar un poco para que veas que en Europa esta 'vacuna' est√° prohibida por da√±os causados a varias menores, los riesgos de efectos secundarios que van desde una fiebre hasta par√°lisis del cuerpo es muy alta. Por eso est√° perfecto que sea a decisi√≥n.",Rechazo a la vacuna,0,1
,"Se√±or ud no puede decidir por los dem√°s, est√° vacuna en mi familia trajo un da√±o que hasta ahora le cuesta a los padres de mi sobrina, creo que deber√≠a leer m√°s sobre el tema antes de lanzar una apreciaci√≥n tan radical y absurda, como la de meter preso a alguien por cuidar del bienestar de los seres que m√°s amamos los padres:Nuestros Hijos!!",Caso personas de efectos adversos atribuidos a la vacuna ,3,2
,Que se lo pongan a las hijas del se√±or sin su autorizaci√≥n... Ya que lo pide... Pero a los m√≠os NO! #ConMisHijosNoTeMetas,Rechazo a la vacuna,0,1
,a usted no le pido un centavo para mantener a mis hijos es m√°s seguro que ni hijos mantiene para dar esa opini√≥n.,Comentario no relacionado a la vacuna,3,2
,Vieron? üëÜEstos antivacunas son una plaga ü§†,En contra de los antivacunas,3,1
,gracias por su aporte...,Agradecimiento a otras personas ,3,0
,"un poco, da verg√ºenza ajena",Rechazo a la vacuna,0,1
,"Bueno fuera que con su postura antivacunas se fregaran solos, pero no: nos friegan a todos. ser√≠a que los sancionen severamente: son un peligro para la salud p√∫blica.",En contra de los antivacunas,3,0
,", Entonces si ud es pro-vacunas, pues vaya,  ponga su poto y p√≥ngaselas ud!!Que tanto l√≠o se hace, insultando a quienes no nos parece???P√≥ngase a leer que da verg√ºenza, viejonaso y habla tonter√≠as!!",Rechazo a la vacuna,0,1
,"Y a qui√©n he insultado? P√≥ngase a leer usted, al menos comentarios de Facebook.",Comentario no relacionado a la vacuna,3,3
,", qu√© da√±os le ocasion√≥ a la ni√±a",Dudas refente a efectos adversos graves,2,3
,ya se sabe que produce desde fiebres hasta par√°lisis cerebral y que los laboratorios experimentan en Latinoam√©rica con ni√±as menores de edad...En Europa no son coj.... y no dejan que se experimente con su poblaci√≥n Pero ac√° la ONU y la OMS tienen su chacra de conejillos de Indias Algo m√°s?,En contra de la OMS u otras organizaciones,0,1
,puede citar alguna fuente fidedigna donde indique eso? Tengo familiares en Europa y a ellas si se las han puesto.,Lucha contra la desinformaci√≥n,1,1
,"hay 35 casos graves muy bien documentados ocurridos en Espa√±a, aca no se puede postear pero googlealoY no es el √∫nico pa√≠s de Europa",Rechazo a la vacuna,0,3
,revise su inbox ah√≠ est√° el link de 385 casos en EEUU,Rechazo a la vacuna,0,3
,Se la dan de pro ciencia y ni pueden buscar en Google jajajaja,Comentario no relacionado a la vacuna,3,2
,"Bueno a mi sobrina, que desde muy peque√±a sufr√≠a de alergias respiratorias, despu√©s de la primera dosis tuvo una especie de escamacion en la piel, q no pod√≠a ni siquiera ba√±arse con un jab√≥n de tocador normal, ni el shampoo pod√≠a caerle en el cuerpo por que se le exacerbaba, ten√≠a una comez√≥n horrible y luego de una serie de ex√°menes, dijeron los dermatologos que era posiblemente causado por uno de los componentes de la vacuna, as√≠ q ni modo!!Mi hija es igual de al√©rgica y asm√°tica, por eso que prefiero evitar!!",Caso personas de efectos adversos atribuidos a la vacuna ,3,0
,"‚Äú Pero ya comienza a haber datos, al menos de efectos adversos. Seg√∫n la FDA, la agencia que controla los medicamentos en Estados Unidos, desde que se aprob√≥ la vacuna en 2006 se han administrado 16 millones de dosis y se han reportado 9.746 casos de efectos adversos, que incluyen lipotimias, mareos y desmayos. Un 6% de los casos (584 en total) fueron calificados como graves. Tambi√©n registr√≥ la muerte de 20 chicas despu√©s de ser vacunadas, aunque en un informe la FDA especifica que ""no existe un patr√≥n com√∫n que sugiera a la vacuna como causa"". En Espa√±a se han distribuido 1.146.000 dosis en 2007 y 2008. Hasta el momento se han notificado 103 casos de efectos adversos, 35 de ellos graves‚Äù",Rechazo a la vacuna,0,3
,Y las mayores que mueran o qu√©?,Dudas referente a la edad,2,0
,ya jimena esta vacunada y luana recibi√≥ ya su primera vacuna,Aprobaci√≥n de la publicaci√≥n,3,3
79.0,mira para que le vacunen a la milene,Recomendan la vacunaci√≥n,1,2
84.0,Y de ac√° unos 10 a√±os nacer√°n ni√±@s?,Rechazo a la vacuna,0,0
,"Si, como todos los dias",Comentario no relacionado a la vacuna,3,0
87.0,"Felicitaciones al Ministerio de Salud, que no desmaye √©sta gran  labor de protecci√≥n a las ni√±as peruanas.",Aprobaci√≥n de la publicaci√≥n,3,3
91.0,De verdad me alegra que ahora exista esta vacuna para prevenir el c√°ncer de cuello uterino. Las muejeres que perdieron la batalla contra este mal deben estar muy felices all√° en el cielo. Yo espero mis resultados que me los dan el 21 de noviembre ‚ù§üôèüí™.,Aprobaci√≥n de la publicaci√≥n,3,2
92.0,>:( si√©ntete culpable ahora me cuesta 600 soles,Comentario no relacionado a la vacuna,3,2
,Chamita AV gracias mi chama,Agradecimiento a otras personas ,3,3
94.0,Un favor los componentes de esa vacuna? Gracias.,Dudas sobre la composici√≥n de las vacunas,2,1
96.0,checa esta informaci√≥n para la peque,Recomendan la vacunaci√≥n,1,3
,Gracias!! Justo en la edad. üòÄ,Agradecimiento a otras personas ,3,2
99.0,Mi Cielito Oriana La Loquilla Yacsayauri Feliciano miren q interesante hermanas,Aprobaci√≥n de la publicaci√≥n,3,1
,ya la vacune üòä,Aprobaci√≥n de la publicaci√≥n,3,1
104.0,"Muy bien! Felicitaciones al Ministerio de Salud ,por la gran campa√±a ,en bien de la salud de las mujeres  !!",Aprobaci√≥n de la publicaci√≥n,3,3
106.0,mira primo para Camila,Recomendan la vacunaci√≥n,1,3
107.0,"Y esa vacuna cuanto dura en el cuerpo,me acuerdo k fujimuri en su tiempo mando a vacunar igual en los colegios yo no hice vacunar a mis hijas tuve desconfianza y luego sali√≥ a relucir muchas cosas sobre esa vacuna.esa vacuna ser√° para prevenir un c√°ncer uterino o ser√° una inyecci√≥n anticonceptiva xq hay ni√±as k a esa edad empiezan la menstruaci√≥n y aveces son violentadas y kedan embarazadas. Otras ni√±as x curiosidad empiezas vida sexual a los 12. Ser√° para eso la verdad no conf√≠o mucho sea hormonal y ah√≠ si pueda producirles c√°ncer yo no hago vacunar a mi nieta y en el colegio nadie le pone si yo no autorizo.",Dudas sobre la composici√≥n de las vacunas,2,3
,"y luego dicen que porqu√© sus hijos no hablan con ustedes ü§¶üèΩ‚Äç‚ôÄÔ∏è ya paren con esa mentalidad tan mediocre y cerrada de decir que las relaciones sexuales son dentro del matrimonio, en la actualidad hay muchas personas que ni casarse desean. As√≠ que d√©jese de mamadas y hable claro con su hijo o hija.",Comentario no relacionado a la vacuna,3,3
